author,name,aff
https://dblp.org/pid/00/4089-6,Ying Zhao 0006,"Naval Postgraduate School, Monterey, CA, USA"
https://dblp.org/pid/00/4883-1,Jun Feng 0001,"Hohai University, College of Computer and Information Engineering, Nanjing, China"
https://dblp.org/pid/00/8789,Robert Chen-Hao Chang,"National Chung Hsing University, Taiwan"
https://dblp.org/pid/01/3693,Carolina Wählby,"Uppsala University, Sweden"
https://dblp.org/pid/01/4109-1,Stephen Green 0001,"University of Leicester, UK"
https://dblp.org/pid/01/4960,Erik Blasch,Air Force Research Laboratory
https://dblp.org/pid/02/1558-2,Li He 0002,"Guangdong University of Technology, School of Electromechanical Engineering, Guangzhou, China"
https://dblp.org/pid/02/3069,Kush R. Varshney,"IBM Thomas J. Watson Research Center, Yorktown Heights, NY, USA"
https://dblp.org/pid/02/8285,Joshua Evan Auerbach,"EPFL, Switzerland"
https://dblp.org/pid/02/9552-3,Zhaofeng Li 0003,"Henan Institute of Science and Technology, School of Information Engineering, Xinxiang, China"
https://dblp.org/pid/03/2902-1,Shuai Ding 0001,"Hefei University of Technology, School of Management, Anhui, Hefei, China"
https://dblp.org/pid/03/3273,Georgios Tzimiropoulos,"University of Nottingham, UK"
https://dblp.org/pid/03/7930,Dong-Sheng Cao 0001,"Central South University, School of Pharmaceutical Sciences, Changsha, China"
https://dblp.org/pid/04/0,Francisco Herrera,"University of Granada, Department of Computer Science and Artificial Intelligence"
https://dblp.org/pid/04/2090-6,Zhi Zhou 0006,"Sun Yat-sen University, School of Data and Computer Science, Guangzhou, China"
https://dblp.org/pid/04/3348-2,Yan Zhang 0002,"Simula Research Laboratory, Oslo, Norway"
https://dblp.org/pid/04/3472,Luca Longo,"Trinity College Dublin, Dublin Institute of Technology, Ireland"
https://dblp.org/pid/04/5344,Roman Barták,"Charles University, Czech Republic"
https://dblp.org/pid/04/55-5,Xing Wu 0005,"East China Normal University, School of Communication and Electronic Engineering, Department of Electrical Engineering, Shanghai, China"
https://dblp.org/pid/04/7743,Oliver Kroemer,"Max Planck Institute for Informatics, Saarbücken, Germany"
https://dblp.org/pid/05/2576,Georgios N. Yannakakis,"University of Malta, Institute of Digital Games"
https://dblp.org/pid/05/3499-31,Jing Zhang 0031,"Southeast University, National Mobile Communications Research Laboratory, Nanjing, China"
https://dblp.org/pid/05/6044,M. Lynne Markus,"Bentley University, Waltham, MA, USA"
https://dblp.org/pid/05/801,Fabrizio Maria Maggi,"Free University of Bozen-Bolzano, Italy"
https://dblp.org/pid/06/6785-31,Yang Zhang 0031,"University of Illinois Urbana-Champaign, School of Information Sciences, IL, USA"
https://dblp.org/pid/06/900-1,Saptarshi Ghosh 0001,"Indian Institute of Technology Kharagpur, India"
https://dblp.org/pid/07/10587,José M. Peña 0003,"Spanish National Research Council, Institute of Agricultural Sciences, Madrid, Spain"
https://dblp.org/pid/07/256-1,Nanning Zheng 0001,"Xi'an Jiaotong University, Institute of Artificial Intelligence and Robotics, China"
https://dblp.org/pid/07/315,Jason H. Moore,"University of Pennsylvania, Computational Genetics Laboratory, Philadelphia, PA, USA"
https://dblp.org/pid/08/6046,Roman Beck,"IT University of Copenhagen, Denmark"
https://dblp.org/pid/08/660,Juan Miguel López 0001,"University of the Basque Country, Vitoria, Spain"
https://dblp.org/pid/09/3625,Mehdi Bennis,"University of Oulu, Centre for Wireless Communications (CWC), Oulu, Finland"
https://dblp.org/pid/10/2042,Shervin Shirmohammadi,"University of Ottawa, Canada"
https://dblp.org/pid/10/3832,Engelbert Mephu Nguifo,"University Clermont Auvergne, Clermont-Ferrand, France"
https://dblp.org/pid/10/4661-138,Wei Zhang 0138,"Hangzhou Dianzi University, Department of Computer Science and Technology, China"
https://dblp.org/pid/10/5061,Yevgeni Koucheryavy,"Tampere University of Technology, Finland"
https://dblp.org/pid/10/966-1,Hua Fang 0001,"University of Massachusetts Dartmouth, Department of Computer and Information Science, Dartmouth, MA, USA"
https://dblp.org/pid/11/1952-5,Xin Lu 0005,"Coventry University, Faculty of Engineering and Computing, UK"
https://dblp.org/pid/11/3275,Arnoud Visser,"University of Amsterdam, Netherlands"
https://dblp.org/pid/11/5386,Tanveer F. Syeda-Mahmood,"IBM Almaden Research Center, San Jose, USA"
https://dblp.org/pid/115/9817,Sara S. Frug,"Cornell University Law School, Ithaca, NY, USA"
https://dblp.org/pid/116/2843-5,Muhammad Aamir 0005,"University of Derby, School of Electronics, Computing and Mathematics, UK"
https://dblp.org/pid/116/4809,Kamala Kanta Mahapatra,"NIT Rourkela, rourkela, India"
https://dblp.org/pid/116/5369,Loli Burgueño,"University of Málaga, Spain"
https://dblp.org/pid/117/3630,Patrick O. Glauner,"Deggendorf Institute of Technology, Department of Applied Computer Science, Germany"
https://dblp.org/pid/117/3757,Zechao Shang,University of Chicago
https://dblp.org/pid/117/9171,Sukhpal Singh,"Queen Mary University of London, UK"
https://dblp.org/pid/119/7827,Miguel Ángel Vázquez,"Centre Tecnològic de Telecomunicacions de Catalunya, Spain"
https://dblp.org/pid/12/1751,Curt Langlotz,"Stanford University, Center for Artificial Intelligence in Medicine and Imaging, CA, USA"
https://dblp.org/pid/12/4923-2,Hua Zhu 0002,"China University of Mining and Technology, School of Mechanical and Electrical Engineering, Xuzhou, China"
https://dblp.org/pid/12/53-2,Wenyu Zhang 0002,"University of Science and Technology Beijing, Institute of Artificial Intelligence, School of Intelligence Science and Technology, China"
https://dblp.org/pid/12/5814,Gregory D. Hager,"Johns Hopkins University, Department of Computer Science"
https://dblp.org/pid/12/9872,Terry Heath,"IBM T.J. Watson Research Center, Yorktown Heights, USA"
https://dblp.org/pid/120/1738,John Panneerselvam,"University of Derby, UK"
https://dblp.org/pid/120/6433,Thomas Ellwart,"University of Trier, Germany"
https://dblp.org/pid/120/6449,Jan Franklin Adamowski,"McGill University, Department of Bioresource Engineering, Canada"
https://dblp.org/pid/121/3511,Amulya Yadav,"IIT Patna, India"
https://dblp.org/pid/123/3528,Astrid Nieße,"Carl von Ossietzky University of Oldenburg, Germany"
https://dblp.org/pid/124/3893,Héctor Quintián,"University of A Coruña, Spain"
https://dblp.org/pid/125/0429-2,Yujiang Wang 0002,"Newcastle University, Newcastle upon Tyne, UK"
https://dblp.org/pid/129/1118,Vinícius Lima 0001,"University of São Paulo, Medical School, Brazil"
https://dblp.org/pid/129/7719,Luca G. Amarù,"Synopsys Inc, Mountain View, CA, USA"
https://dblp.org/pid/13/10456,Zahoor Ali Khan,"Higher Colleges of Technology, Abu Dhabi, UAE"
https://dblp.org/pid/13/4327,Manuel Graña,"University of the Basque Country, Computational Intelligence Group, San Sebastian, Spain"
https://dblp.org/pid/13/5168-2,Xiaojun Wu 0002,"Shaanxi Normal University, School of Computer Science, China"
https://dblp.org/pid/13/5195,George K. Karagiannidis,"Aristotle University of Thessaloniki, Greece"
https://dblp.org/pid/13/6042,Márcio Ferreira Moreno,"Pontifical Catholic University of Rio de Janeiro, Department of Informatics"
https://dblp.org/pid/13/6769-22,Ying Zhang 0022,Facebook
https://dblp.org/pid/13/6830,John S. Thompson,"University of Edinburgh, School of Engineering, UK"
https://dblp.org/pid/13/9673,Kanthi K. Sarpatwar,"IBM Thomas J. Watson Research Center, Yorktown Heights, NY, USA"
https://dblp.org/pid/130/0932,Alessandro Umbrico,"Roma Tre University, Rome, Italy"
https://dblp.org/pid/131/5663,Barna Iantovics,"Petru Maior University, Department of Computer Science, Tirgu Mures, Romania"
https://dblp.org/pid/136/8382,Chris Martens 0001,"Northeastern University, Khoury College of Computer Sciences, Boston, MA, USA"
https://dblp.org/pid/136/9351-2,Shubham Sharma 0002,"University of Texas at Austin, TX, USA"
https://dblp.org/pid/138/4653,Joseph C. Osborn,"University of California, Santa Cruz, CA, USA"
https://dblp.org/pid/14/1342-1,Mohit Kumar 0001,"University of Rostock, Center for Life Science Automation, Germany"
https://dblp.org/pid/14/1525-3,Hao Dong 0003,"Peking University, Beijing, China"
https://dblp.org/pid/14/3197,Carsten Schulte,"Free University of Berlin, Germany"
https://dblp.org/pid/14/3693,Guang-Zhong Yang,"Imperial College London, UK"
https://dblp.org/pid/14/374-1,Fei-Yue Wang 0001,"Chinese Academy of Sciences, Institute of Automation, State Key Laboratory of Management and Control for Complex Systems, Beijing, China"
https://dblp.org/pid/14/5230,Sudhakar Yalamanchili,"Georgia Institute of Technology, Atlanta, USA"
https://dblp.org/pid/14/6370-2,Xin Peng 0002,"Hunan Institute of Science and Technology, Yueyang, China"
https://dblp.org/pid/14/7647,Mario Alberto Ibarra-Manzano,"Universidad de Guanajuato, Mexico"
https://dblp.org/pid/142/8850,Alberto A. Pinto,"University of Porto, Mathematics Department, Portugal"
https://dblp.org/pid/142/9212-1,Awais Ahmad 0001,"Air University, Department of Computer Science, Islamabad, Pakistan"
https://dblp.org/pid/143/2376-1,Lukas Reuter 0001,"University of Trier, Germany"
https://dblp.org/pid/144/7602,Daniel J. Fremont,"University of California, Santa Cruz, CA, USA"
https://dblp.org/pid/147/7046,Aderemi Aaron-Anthony Atayero,"Covenant University, Department of Electrical Engineering and Information Engineering, Canaanland, Nigeria"
https://dblp.org/pid/147/8764,Jon Arambarri Basanez,"Virtual Ware Labs Foundation, Bilbao, Spain"
https://dblp.org/pid/148/7203,Seán Ó hÉigeartaigh,"University of Cambridge, Centre for the Study of Existential Risk, UK"
https://dblp.org/pid/149/4839,Rigoberto Burgueño,"Michigan State University, East Lansing, MI, USA"
https://dblp.org/pid/15/1123,Mohsen Guizani,"Mohamed Bin Zayed University of Artificial Intelligence (MBZUAI), Doha, Qatar"
https://dblp.org/pid/15/1215,Reza Tavakkoli-Moghaddam,"University of Tehran, Iran"
https://dblp.org/pid/15/366,Georg Langs,"MIT Computer Science and Artificial Intelligence Laboratory, Cambridge, USA"
https://dblp.org/pid/150/4909,Harold D. de Mello Jr.,"Rio de Janeiro State University, Department of Electrical Engineering, Brazil"
https://dblp.org/pid/150/5010,Amir Zadeh 0001,"Carnegie Mellon University, Language Technologies Institute, Pittsburgh, PA, USA"
https://dblp.org/pid/152/2648,Aleksandr Ometov,"Tampere University of Technology, Finland"
https://dblp.org/pid/154/3517,Adnan M. Abu-Mahfouz,"University of Pretoria, South Africa"
https://dblp.org/pid/159/0628,Benteng He,"Zhejiang University, Department of Electrical Engineering, Hangzhou, China"
https://dblp.org/pid/159/2187,Khan Muhammad 0001,"Sungkyunkwan University, College of Computing and Informatics, VIS2KNOW Lab, Seoul, South Korea"
https://dblp.org/pid/16/1155,Jane Huffman Hayes,"University of Kentucky, Lexington, KY, USA"
https://dblp.org/pid/160/4847,Giorgio Mario Grasso,"Università degli Studi di Messina, Italy"
https://dblp.org/pid/160/5586-1,U. Venkanna 0001,"DSPM-IIIT, Department of Computer Science and Engineering, Naya Raipur, India"
https://dblp.org/pid/164/2761,Mohamed A. Moustafa Hassan,"Cairo University, Giza, Egypt"
https://dblp.org/pid/164/8733,Meisong Tong,"Tongji University, Shanghai Institute of Intelligent Science and Technology, China"
https://dblp.org/pid/164/9035,Diego Perez Liebana,"Queen Mary University of London, UK"
https://dblp.org/pid/169/2718,Vijay Kumar Devabhaktuni,"Purdue University Northwest, Hammond,IN, USA"
https://dblp.org/pid/169/4688,Markus Wenzel 0002,"Fraunhofer-Institut für Nachrichtentechnik, Heinrich-Hertz-Institut, Berlin, Germany"
https://dblp.org/pid/17/525,Iyad Rahwan,"Max-Planck-Institut für Bildungsforschung, Berlin, Germany"
https://dblp.org/pid/170/5456,Yi Chen 0020,"Newcastle University, School of Engineering, Newcastle upon Tyne, UK"
https://dblp.org/pid/171/5710,Daniel T. Ramotsoela,"University of Pretoria, Department of Electrical, Electronic and Computer Engineering, South Africa"
https://dblp.org/pid/172/0864,M. Hadi Amini,"Carnegie Mellon University, Pittsburgh, PA, USA"
https://dblp.org/pid/174/9301,Christian Rathgeber,"BMW Group, Munich, Germany"
https://dblp.org/pid/175/9938-2,Alexander S. Rich,"New York University, Department of Psychology, NY, USA"
https://dblp.org/pid/179/2203,Sharada P. Mohanty,"École Polytechnique Fédérale de Lausanne (EPFL), Switzerland"
https://dblp.org/pid/18/10044,Omar Saeed Al-Mushayt,"Jazan University, Saudi Arabia"
https://dblp.org/pid/18/2679,Rolf Ingold,"University of Fribourg, Switzerland"
https://dblp.org/pid/18/3784,Fadi M. Al-Turjman,"Near East University, Mersin, North Cyprus"
https://dblp.org/pid/18/5025,Alexandra Kirsch,"University of Tübingen, Department of Computer Science, Germany"
https://dblp.org/pid/18/6404-1,Abhishek Gupta 0001,"Nanyang Technological University, Singapore"
https://dblp.org/pid/181/2008,João Paulo Teixeira 0002,"Polytechnic Institute of Bragança, Portugal"
https://dblp.org/pid/182/1971,Kory W. Mathewson,"DeepMind, London, UK"
https://dblp.org/pid/183/0107-7,Peter Robinson 0007,"ConsenSys, Protocol Engineering Group and Systems (PegaSys), Brisbane, Australia"
https://dblp.org/pid/183/0735,Gal Oren 0001,"Technion - Israel Institute of Technology, Haifa, Israel"
https://dblp.org/pid/183/2625,Zhenjiang Zhang,"Beijing Jiaotong University, China"
https://dblp.org/pid/183/4424,Alexander Serb,"University of Southampton, UK"
https://dblp.org/pid/184/3898,Tu Lam Thanh,"CentraleSupélec, Gif-sur-Yvette, France"
https://dblp.org/pid/184/7883,Sebastian Lapuschkin,"Fraunhofer Heinrich Hertz Institute, Berlin, Germany"
https://dblp.org/pid/185/6602-3,Yejin Lee 0003,"Korea University of Science and Technology, Daejeon, Korea"
https://dblp.org/pid/188/1606-1,Niklas Kühl 0001,"University of Bayreuth, Germany"
https://dblp.org/pid/19/1038,Sriraam Natarajan,"University of Texas at Dallas, Center for Machine Learning, TX, USA"
https://dblp.org/pid/19/3059,Nei Kato,"Tohoku University, Miyagi, Japan"
https://dblp.org/pid/19/6687,Rayid Ghani,"University of Chicago, IL, USA"
https://dblp.org/pid/19/8725,Andreas Vogelsang,"University of Cologne, Germany"
https://dblp.org/pid/191/9184,Athanasios I. Kyritsis,"University of Geneva, Switzerland"
https://dblp.org/pid/194/7739,Daniel Yue Zhang,"University of Notre Dame, IN, USA"
https://dblp.org/pid/195/5342,Mohamed Abdel-Basset,"Zagazig University, Department of Operations Research, Egypt"
https://dblp.org/pid/195/7913-2,Junyoung Jang 0002,"Yonsei University, Seoul, South Korea"
https://dblp.org/pid/198/1678,Raluca D. Gaina,"Queen Mary University of London, UK"
https://dblp.org/pid/198/5310,Anna-Sophie Ulfert-Blank,"Eindhoven University of Technology, The Netherlands"
https://dblp.org/pid/198/5339,Conny H. Antoni,"University of Trier, Germany"
https://dblp.org/pid/198/8594,Supreeth P. Shashikumar,"University of California San Diego, La Jolla, CA, USA"
https://dblp.org/pid/199/3227,Marguerite Barry,"University College Dublin, Ireland"
https://dblp.org/pid/20/1380,Onn Shehory,"Thomas J. Watson Research Center, Yorktown Heights, USA"
https://dblp.org/pid/20/1488,Ruth M. J. Byrne,"Trinity College, University of Dublin, Ireland"
https://dblp.org/pid/20/241-3,Muhammad Usman 0003,"Hamad Bin Khalifa University, College of Science and Engineering, College of Science and Engineering, Doha, Katar"
https://dblp.org/pid/20/3591,Peer-Timo Bremer,"Lawrence Livermore National Laboratory, Livermore, CA, USA"
https://dblp.org/pid/20/3894-1,Jun Wu 0001,"Shanghai Jiao Tong University, Shanghai Key Laboratory of Integrated Administration Technologies for Information Security, China"
https://dblp.org/pid/20/4152-8,Ke Zhang 0008,"University of Electronic Science and Technology of China, School of Communication and Information Engineering, Chengdu, China"
https://dblp.org/pid/20/4565,Manuel Wimmer,"Johannes Kepler University Linz, Austria"
https://dblp.org/pid/20/6534-11,Lei Ma 0011,"Beijing Polytechnic, Beijing, China"
https://dblp.org/pid/200/5947,Daniel da S. Souza,"Federal University of Pará, Belém, Federal University of Pará, Belém, Brazil, Brazil"
https://dblp.org/pid/201/6631,Arunkumar N.,"SASTRA University, Tamil Nadu, India"
https://dblp.org/pid/201/9826,Kacper Sokol,"University of Bristol, Intelligent Systems Laboratory, UK"
https://dblp.org/pid/202/7079,Muhammed Kürsad Uçar,"Sakarya University, Esentepe, Turkey"
https://dblp.org/pid/204/8526,Ataollah Shirzadi,"University of Kurdistan, Faculty of Natural Resources, Sanandaj, Iran"
https://dblp.org/pid/205/0582,Rafael Ferreira Leite de Mello,"Rural Federal University of Pernambuco, Recife, Brazil"
https://dblp.org/pid/205/4703,Sheikh K. Ghafoor,"Tennessee Tech, Department of Computer Science, Cookeville, TN, USA"
https://dblp.org/pid/208/3908,Johnny Chhor,"Ruhr University Bochum, Germany"
https://dblp.org/pid/21/2715-31,Lei Liu 0031,"Xidian University, State Key Laboratory of Integrated Service Networks, Xi'an, China"
https://dblp.org/pid/21/3047-7,Feng Chen 0007,"Tsinghua University, Department of Automation, Center for Brain-Inspired Computing Research, Beijing, China"
https://dblp.org/pid/21/3839-2,Wei Jiang 0002,"German Research Center for Artificial Intelligence (DFKI), Kaiserslautern, Germany"
https://dblp.org/pid/21/5537,Aki Härmä,"Philips Research, Eindhoven, The Netherlands"
https://dblp.org/pid/21/6594,William W. Streilein,Massachusetts Institute of Technology
https://dblp.org/pid/210/2501,Tomás Lermanda Senoceaín,"University of the Bío-Bío, Concepción, Department of Information Systems, Chile"
https://dblp.org/pid/210/8843,Wornchanok Chaiyasoonthorn,"King Mongkut's Institute of Technology Ladkrabang, Bangkok, Thailand"
https://dblp.org/pid/215/4446-2,Pingchuan Ma 0002,"Massachusetts Institute of Technology, CSAIL, Cambridge, USA"
https://dblp.org/pid/216/4610,Rafael Mellado 0001,"Pontifical Catholic University of Valparaíso, Chile"
https://dblp.org/pid/216/4706,Ali M. Haidar 0001,"Beirut Arab University, Department of Electrical and Computer Engineering, Lebanon"
https://dblp.org/pid/216/9921,Kerstin Weinberg,"Universität Siegen, Germany"
https://dblp.org/pid/218/2928,José M. Torres 0001,"University Fernando Pessoa, Porto, Portugal"
https://dblp.org/pid/22/4022,Michele Nogueira Lima,"Federal University of Parana, Curitiba, Brazil"
https://dblp.org/pid/22/5007,Michael G. Madden,"National University of Ireland, School of Computer Science, Galway, Ireland"
https://dblp.org/pid/221/5525,Fakheraldin Y. O. Abdalla,"Harbin Institute of Technology, China"
https://dblp.org/pid/225/0393,Minh Duc Thieu,"Kookmin University, Seongbuk-gu, South Korea"
https://dblp.org/pid/226/4245,M. R. Rashmi,"Amrita School of Engineering, Bengaluru, India"
https://dblp.org/pid/228/7457,Saeed Jafarzadeh-Ghoushchi,"Urmia University of Technology, Iran"
https://dblp.org/pid/23/1018,Timothy J. Norman,"University of Southampton, UK"
https://dblp.org/pid/23/1557-2,Wenwen Li 0002,"Arizona State University, School of Geographical Sciences and Urban Planning, Tempe, AZ, USA"
https://dblp.org/pid/23/1587,Mark Stefik,"PARC, Palo Alto, CA, USA"
https://dblp.org/pid/23/4530,Anthony Hunter,"University College London, UK"
https://dblp.org/pid/23/8275,Nadeem Javaid,"COMSATS University Islamabad, Department of Computer Science, Pakistan"
https://dblp.org/pid/231/1678,Raghvendra Kumar 0001,"LNCT College, Computer Science and Engineering Department, Jabalpur, Madhya Pradesh, India"
https://dblp.org/pid/231/4300,Peng-Wei Huang,"National Cheng Kung University, Tainan City, Taiwan"
https://dblp.org/pid/232/2379,Natalia Shakhovska,"Lviv Polytechnic National University, Ukraine"
https://dblp.org/pid/233/6087,Jim Owen,"Virginia Tech, Blacksburg, VA, USA"
https://dblp.org/pid/233/6557,Michael E. Fitzpatrick,"Coventry University, Research Centre for Data Science / Institute for Future Transport and Cities, UK"
https://dblp.org/pid/234/8989,Ullah Ihsan 0001,"University of New South Wales, Sydney, NSW, Australia"
https://dblp.org/pid/236/4538,M. Hanefi Calp,"Karadeniz Technical University, Trabzon, Turkey"
https://dblp.org/pid/237/4174,Camilo Cáceres,"University of Campinas, School of Mechanical Engineering, Brazil"
https://dblp.org/pid/237/4326,Dario Amaya,"Nueva Granada Military University, Faculty of Engineering, Bogotá, Colombia"
https://dblp.org/pid/237/9944,Scott H. Hawley,"Belmont University, Nashville TN USA"
https://dblp.org/pid/238/5630,Tung Lam Pham,"Kookmin University, Seongbuk-gu, South Korea"
https://dblp.org/pid/239/6416,Venkata Sitaramagiridharganesh Ganapavarapu,IBM Research
https://dblp.org/pid/24/4209,Kristin P. Bennett,"Rensselaer Polytechnic Institute, Troy, Department of Mathematical Sciences, NY, USA"
https://dblp.org/pid/24/5927,Harry Eugene Stanley,"Boston University, Department of Physics, Center for Polymer Studies, Boston, MA, USA"
https://dblp.org/pid/243/1966,Daniel S. W. Ting,"Duke-National University of Singapore (NUS) Medical School, Singapore"
https://dblp.org/pid/243/1972-1,Quang Duc Nguyen 0001,"Singapore Eye Research Institute, Singapore"
https://dblp.org/pid/245/0732,Rijul Saini,"McGill University, Montreal, Quebec, Canada"
https://dblp.org/pid/247/8460,Muhammad Firdaus Akbar,"Universiti Sains Malaysia, Penang, Malaysia"
https://dblp.org/pid/249/3933,Saeed H. Alsamhi,"Ibb University, Yemen"
https://dblp.org/pid/25/1965,Roman V. Yampolskiy,University of Louisville
https://dblp.org/pid/25/3419,Joel J. P. C. Rodrigues,"Federal University of Piauí (UFPI), Teresina - Pi, Brazil"
https://dblp.org/pid/250/3841,Kennedy Edson Souza,"Federal University of Pará, Electrical Engineering Department, Brazil"
https://dblp.org/pid/252/1059,Antoine Mercier 0004,"Radio Télévision Suisse, Geneva, Switzerland"
https://dblp.org/pid/252/4752,Filipe Andrade Bernardi,"University of São Paulo, Medical School, SP, Brazil"
https://dblp.org/pid/254/9310,Dawei (David) Zhang,"Lehigh University, Department of Management, College of Business and Economics, Bethlehem, PA, USA"
https://dblp.org/pid/26/10674-1,Ahmed Khalifa 0001,"University of Malta, Institute of Digital Games, Malta"
https://dblp.org/pid/26/4485,Fabrizio Riguzzi,"University of Ferrara, Italy"
https://dblp.org/pid/27/173-2,Muhammad Shafiq 0002,"Yeungnam University, Department of Information and Communication Engineering, Gyeongsan, South Korea"
https://dblp.org/pid/27/2027,Huiru Zheng,"Ulster University, UK"
https://dblp.org/pid/27/3041,Jorge Rady de Almeida Jr.,"University of São Paulo, Brazil"
https://dblp.org/pid/27/4508,Jeffrey Heer,"University of Washington, Seattle, WA, USA"
https://dblp.org/pid/27/5214,Ruck Thawonmas,"Ritsumeikan University, Biwako-Kusatsu, Japan"
https://dblp.org/pid/27/5514,Salvador García 0001,"University of Granada, Department of Computer Science and Artificial Intelligence, Spain"
https://dblp.org/pid/27/5853,Piotr Mirowski,"DeepMind, London, UK"
https://dblp.org/pid/27/8141-2,João Reis 0002,"Universidade Lusófona de Humanidades e Tecnologias, Lisbon, Portugal"
https://dblp.org/pid/28/10261-1,Weinan Zhang 0001,"Shanghai Jiao Tong University, John Hopcroft Center for Computer Science, China"
https://dblp.org/pid/28/1247,Marcus Liwicki,"Luleå University of Technology, Sweden"
https://dblp.org/pid/28/2862,David G. Schwartz,"Bar-Ilan University, Ramat Gan, Israel"
https://dblp.org/pid/28/6851,Rajesh Bordawekar,"IBM Thomas J. Watson Research Center, Yorktown Heights, NY, USA"
https://dblp.org/pid/28/979,Günther Schuh,"RWTH Aachen, Laboratory for Machine Tools and Production Engineering"
https://dblp.org/pid/283/7941,Jin Ha Lee 0002,"University of Science and Technology, Daejeon, South Korea"
https://dblp.org/pid/29/10051,Hamid Khayyam,"RMIT University, Melbourne, VIC, Australia"
https://dblp.org/pid/29/1830,Battista Biggio,"University of Cagliari, Italy"
https://dblp.org/pid/29/2345,Dominik Heider,"Philipps-University of Marburg, Germany"
https://dblp.org/pid/29/3483,Julian J. McAuley,"University of California, San Diego, Department of Computer Science and Engineering, CA, USA"
https://dblp.org/pid/29/5849-6,Quan Zhou 0006,"University of Birmingham, Department of Mechanical Engineering, UK"
https://dblp.org/pid/29/654,Carson K. Leung,"University of Manitoba, Winnipeg, Canada"
https://dblp.org/pid/29/6910,Kurt Sandkuhl,"University of Rostock, Germany"
https://dblp.org/pid/29/7562-1,Sadia Afroz 0001,"University of California Berkeley, ICSI, USA"
https://dblp.org/pid/292/4208,Sasha Luccioni,HuggingFace
https://dblp.org/pid/30/2816-1,Alberto Fernández 0001,"University of Granada, Department of Computer Science and Artificial Intelligence, Spain"
https://dblp.org/pid/30/3746,Valeriy Vyatkin,"Aalto University, Helsinki, Finland"
https://dblp.org/pid/30/6391,Mausam,Indian Institute of Technology Delhi
https://dblp.org/pid/307/2918,Sergey Morozov 0002,"Moscow Health Care Department, Research and Practical Clinical Center for Diagnostics and Telemedicine Technologies, Russia"
https://dblp.org/pid/31/10090,Alejandra Andrea Segura Navarrete,"University of the Bío-Bío, CDepartment of Information Systemsoncepción, Chile"
https://dblp.org/pid/31/2088-1,Lu Liu 0001,"University of Leicester, School of Informatics, UK"
https://dblp.org/pid/31/3700,Alexander Schönhuth,"Centrum Wiskunde & Informatica (CWI), Amsterdam, The Netherlands"
https://dblp.org/pid/31/739,Louis-Philippe Morency,Carnegie Mellon University
https://dblp.org/pid/32/10161-1,Parth Mehta 0001,"Parmonic, USA"
https://dblp.org/pid/32/3203,Wolfgang Kellerer,"Technical University Munich, Germany"
https://dblp.org/pid/32/4426,Romeo Sanchez,"Universidad Autónoma de Nuevo León, San Nicolas de los Garza, Mexico"
https://dblp.org/pid/32/4821,Guangjie Han,"Hohai University, Department of Information and Communication Engineering, Changzhou, China"
https://dblp.org/pid/32/5050-1,Jialin Liu 0001,"Southern University of Science and Technology, Department of Computer Science and Engineering, Shenzhen, China"
https://dblp.org/pid/32/5119,Marco Vannucci,"Sant'Anna School of Advanced Studies, Pisa, Italy"
https://dblp.org/pid/32/8979,Tameem Adel,Radboud University
https://dblp.org/pid/33/3823,Burak Kantarci,"University of Ottawa, Canada"
https://dblp.org/pid/33/7455-2,Ihsan Ullah 0002,"National University of Ireland, Galway, Ireland"
https://dblp.org/pid/33/885,Yonggang Wen 0001,"Nanyang Technological University, Singapore"
https://dblp.org/pid/34/5056,Cristina Conati,"University of British Columbia, Canada"
https://dblp.org/pid/34/5594,Arindam Pal 0001,"University of New South Wales, Sydney, NSW, Australia"
https://dblp.org/pid/34/7023-2,V. Kavitha 0002,"M. Kumarasamy College of Engineering, Karur, India"
https://dblp.org/pid/34/7340-1,Nico Herbig 0001,"German Research Center for Artificial Intelligence (DFKI), Saarbrücken, Germany"
https://dblp.org/pid/35/10185-1,Lingyu Zhang 0001,"Didi Chuxing AI Labs, Beijing, China"
https://dblp.org/pid/35/1190,Nick Hawes,"University of Oxford, UK"
https://dblp.org/pid/35/7092-116,Wei Wang 0116,"Beijing University of Posts and Telecommunications, State Key Laboratory of Information Photonics and Optical Communications, Beijing, China"
https://dblp.org/pid/35/7092-287,Wei Wang 0287,"University of Hong Kong, Faculty of Law, Hong Kong"
https://dblp.org/pid/35/9376,Dashun Wang,"Northwestern University, Evanston, IL, USA"
https://dblp.org/pid/36/1270,Sergio Consoli,"European Commission, Joint Research Centre (DG JRC), Brussels, Belgium"
https://dblp.org/pid/36/4847,Victor C. M. Leung,"Shenzhen University, Shenzhen, China"
https://dblp.org/pid/36/5543,Steve DiPaola,"Simon Fraser University, Surrey, Canada"
https://dblp.org/pid/36/5681,Luís A. Alexandre,"Universidade da Beira Interior, Portugal"
https://dblp.org/pid/36/5928,Beata J. Grzyb,"University College London, UK"
https://dblp.org/pid/36/6320,Shimin Shan,"Dalian University of Technology, Liaoning, China"
https://dblp.org/pid/36/633,Roozbeh Mottaghi,"AI2, Allen Institute for Artificial Intelligence, Seattle, USA"
https://dblp.org/pid/36/7291,J. J. Po-An Hsieh,Georgia State University
https://dblp.org/pid/37/3102-4,Chen Lin 0004,"National Central University, Department of Biomedical Sciences and Engineering, Taoyuan, Taiwan"
https://dblp.org/pid/37/5714-1,Michal Wozniak 0001,"Wroclaw University of Science and Technology, Poland"
https://dblp.org/pid/38/1658,Tetsuya Ogata,"Waseda University, Department of Intermedia Art and Science, Tokyo, Japan"
https://dblp.org/pid/38/2999,Francesco Marcelloni,"University of Pisa, Italy"
https://dblp.org/pid/38/4086,Yuval Elovici,"Telekom Innovation Laboratories at Ben-Gurion University of the Negev, Beer-Sheva, Israel"
https://dblp.org/pid/39/3862,Mareike Schoop,"University of Hohenheim, Germany"
https://dblp.org/pid/39/4313,Loo Geok Pee,"Nanyang Technological University, Singapore"
https://dblp.org/pid/40/3793,Kristian Kersting,"TU Darmstadt, Computer Science Department, Germany"
https://dblp.org/pid/40/3934-2,Dong Wang 0002,"University of Illinois at Urbana-Champaign, Urbana, IL, USA"
https://dblp.org/pid/40/6246-1,Jiajia Liu 0001,"Northwestern Polytechnical University, National Engineering Laboratory for Integrated Aero-Space-Ground-Ocean Big Data Application Technology, School of Cybersecurity, Xi'an, China"
https://dblp.org/pid/40/6463,Luis G. Nardin,"Brandenburg University of Technology, Cottbus, Germany"
https://dblp.org/pid/41/1662-4,Bo Yuan 0004,"Tongji University, MoE Key Laboratory of Embedded System and Service Computing, Shanghai, China"
https://dblp.org/pid/41/412,Shamim Nemati,"Emory University, Atlanta, GA, USA"
https://dblp.org/pid/41/4303,Liz Sonenberg,"University of Melbourne, School of Computing and Information Systems, Australia"
https://dblp.org/pid/41/5768,Livio Robaldo,"University of Swansea, UK"
https://dblp.org/pid/41/6752-1,Matthew Willis 0001,"University of Michigan, School of Information, Ann Arbor, Michigan, USA"
https://dblp.org/pid/42/4207,Mauricio Castillo-Effen,Universidad Católica Boliviana
https://dblp.org/pid/42/469-2,Rui Liu 0002,"University of Chicago, Department of Computer Science, IL, USA"
https://dblp.org/pid/42/5120-3,Yi Lin 0003,"Huawei Technologies Co., Ltd., Network Research Department, Shenzhen, China"
https://dblp.org/pid/42/564,Jeffrey H. Reed,"Virginia Tech, Blacksburg, Department of Electrical and Computer Engineering"
https://dblp.org/pid/43/3601,Rose Qingyang Hu,"Utah State University, Logan, UT, USA"
https://dblp.org/pid/44/2703,Gerhard P. Hancke 0001,"Nanjing University of Posts and Telecommunications, School of Automation, Nanjing, China"
https://dblp.org/pid/44/4773-1,Wei Zheng 0001,"Beijing University of Posts and Telecommunications, Beijing Key Lab of Network System Architecture and Convergence, China"
https://dblp.org/pid/44/5986,Mario Coccia,"Arizona State University, School of Public Affairs, Phoenix, AZ, USA"
https://dblp.org/pid/44/6398-1,Kumar Abhishek 0001,"Simon Fraser University, BC, Canada"
https://dblp.org/pid/44/6664,Kwang-Sik Chung,"Korea National Open University, Seoul, Korea"
https://dblp.org/pid/45/1110,Chiara Ghidini,"Fondazione Bruno Kessler, Trento, Italy"
https://dblp.org/pid/45/1696-1,Haiying Wang 0001,"Ulster University, School of Computing, UK"
https://dblp.org/pid/45/3050,Alexander N. Gorban,"University of Leicester, Department of Mathematics, UK"
https://dblp.org/pid/45/3158-1,Chao Wu 0001,"Zhejiang University, Hangzhou, China"
https://dblp.org/pid/45/4989,Dinesh C. Verma,IBM
https://dblp.org/pid/45/5158,Frank Vetere,"University of Melbourne, School of Computing and Information Systems, Australia"
https://dblp.org/pid/46/3391,Dacheng Tao,"University of Sydney, UBTECH Sydney Artificial Intelligence Centre, Darlington, Australia"
https://dblp.org/pid/46/895,Samuel Fosso Wamba,"University of Toulouse, France"
https://dblp.org/pid/47/1985,Gerhard Friedrich,"University of Klagenfurt, Austria"
https://dblp.org/pid/47/2026-7,Jun Zhao 0007,"Nanyang Technological University, School of Computer Science and Engineering, Singapore"
https://dblp.org/pid/47/3113,Simone Stumpf,"University of Glasgow, UK"
https://dblp.org/pid/47/5777,José Manuel Fonseca,"New University of Lisbon, Faculty of Sciences and Technology, Department of Electrical Engineering, Centre of Technology and Systems, UNINOVA-CTS, Portugal"
https://dblp.org/pid/47/6727,Yiannis Papadopoulos,"University of Hull, UK"
https://dblp.org/pid/47/767,Julian Togelius,"New York University, New York, USA"
https://dblp.org/pid/48/2626-1,Arnab Bhattacharya 0001,"Indian Institute of Technology (IIT), Kanpur"
https://dblp.org/pid/49/2799,Jeff Clune,University of Wyoming
https://dblp.org/pid/49/4560-3,Thomas Schmid 0003,"University of Leipzig, Department of Computer Engineering, Germany"
https://dblp.org/pid/49/4967,Igor Santos,"University of Deusto, Bilbao, Spain"
https://dblp.org/pid/49/5327,Javier Taboada,"University of Vigo, Spain"
https://dblp.org/pid/49/5340-2,Shi Jin 0002,"Southeast University, National Mobile Communications Research Laboratory, Nanjing, China"
https://dblp.org/pid/49/6874,Gunter Mussbacher,"McGill University, Canada"
https://dblp.org/pid/50/2482-13,Yun Liu 0013,"Google AI Healthcare, Mountain View, CA, USA"
https://dblp.org/pid/50/254,Tom Schaul,"Google DeepMind, London, UK"
https://dblp.org/pid/50/3993-7,Xiaodong Li 0007,"Hohai University, School of Computer and Information, Nanjing, China"
https://dblp.org/pid/50/4174,Simon M. Lucas,"Queen Mary University of London, Game AI Research Group School of Electronic Engineering and Computer Science, UK"
https://dblp.org/pid/50/6996-3,Min Chen 0003,"Huazhong University of Science and Technology, School of Computer Science and Technology, Wuhan, China"
https://dblp.org/pid/50/7680-3,Cong Ding 0003,"China University of Mining and Technology, Xuzhou, China"
https://dblp.org/pid/51/3128,Robert A. Malaney,"University of New South Wales, Sydney, NSW, Australia"
https://dblp.org/pid/51/4185,Gerald Steinbauer-Wagner,"Graz University of Technology, Austria"
https://dblp.org/pid/51/5022-7,Jun Huang 0007,"Alibaba Group, Hangzhou, China"
https://dblp.org/pid/51/6856-5,Tong Wang 0005,"Harbin Engineering University, College of Information and Communication Engineering, China"
https://dblp.org/pid/52/173-1,Wei Hu 0001,"Wuhan University of Science and Technology, College of Computer Science and Technology, China"
https://dblp.org/pid/52/173-13,Wei Hu 0013,"École centrale de Lille, CRIStAL, Villeneuve-d'Ascq, France"
https://dblp.org/pid/52/4401,Alexander Wong,"University of Waterloo, Ontario, Canada"
https://dblp.org/pid/52/5220,B. Cristina Pelayo García-Bustelo,"University of Oviedo, Department of Computer Science, Spain"
https://dblp.org/pid/52/7549,Sara Nasiri,"University of Siegen, Germany"
https://dblp.org/pid/53/2189-13,Li Li 0013,"Tsinghua University, Department of Automation, Beijing, China"
https://dblp.org/pid/53/726,Dejan S. Milojicic,Hewlett Packard Labs
https://dblp.org/pid/53/9435,Christian Vidal-Castro,"University of the Bío Bío, Information Systems Department, Chile"
https://dblp.org/pid/54/227,Sabine Hauert,"University of Bristol, UK"
https://dblp.org/pid/54/4069,Milan Petkovic,"Eindhoven University of Technology, Netherlands"
https://dblp.org/pid/54/5027,A. Aldo Faisal,"Imperial College London, UK"
https://dblp.org/pid/54/8492-1,Zhuang Chen 0001,"Guilin University of Electronic Technology, Guilin, China"
https://dblp.org/pid/54/9519,David A. Sanders,"University of Portsmouth, School of Engineering"
https://dblp.org/pid/55/6192,Christopher J. Sangwin,"University of Birmingham, UK"
https://dblp.org/pid/55/957-2,Kai Zhang 0002,"Wuhan University of Science and Technology, College of Computer Science and Technology, Wuhan, China"
https://dblp.org/pid/56/3429-1,Weiping Zhang 0001,"Zhejiang University, Binhai Industrial Technology Research Institute, Tianjin, China"
https://dblp.org/pid/56/953,Yoshua Bengio,"University of Montréal, Department of Computer Science and Operations Research, QC, Canada"
https://dblp.org/pid/57/4937,Dov Te'eni,"Tel Aviv University, Israel"
https://dblp.org/pid/58/5489,Andreja Istenic Starcic,"University of Primorska, Slovenia"
https://dblp.org/pid/58/9606,Gemma Roig,"Goethe University Frankfurt, Germany"
https://dblp.org/pid/59/1232,Junshan Zhang,"Arizona State University, Tempe, Arizona, USA"
https://dblp.org/pid/59/1752,Kirk Bresniker,Hewlett Packard Labs
https://dblp.org/pid/59/3767-5,Hai Wang 0005,"Southeast University, School of Economics and Management, Nanjing, China"
https://dblp.org/pid/59/6828-1,Yonghui Li 0001,"University of Sydney, School of Electrical and Information Engineering, Centre of Excellence in Telecommunications, NSW, Australia"
https://dblp.org/pid/59/8883,Koichiro Yoshino,"Nara Institute of Science and Technology (NAIST), Ikoma, Japan"
https://dblp.org/pid/60/2246,Ingo J. Timm,University of Trier
https://dblp.org/pid/60/2899,Emilio Corchado,"University of Burgos, Department of Civil Engineering"
https://dblp.org/pid/60/3835,Themistoklis Prodromakis,"University of Edinburgh, UK"
https://dblp.org/pid/60/5414-1,Xiaowei Huang 0001,"University of Liverpool, UK"
https://dblp.org/pid/61/3234-20,Qiang Liu 0020,"Beijing Jiaotong University, Beijing Key Laboratory of Transportation Data Analysis and Mining, China"
https://dblp.org/pid/62/1272-1,Pan Hui 0001,"University of Helsinki, Department of Computer Science, Finland"
https://dblp.org/pid/62/4228,Bernd Hellingrath,"University of Münster, Germany"
https://dblp.org/pid/63/4421,Brendon J. Woodford,"University of Otago, Dunedin, New Zealand"
https://dblp.org/pid/64/1715-1,Andrea Stocco 0001,"Università della Svizzera italiana, Lugano, Switzerland"
https://dblp.org/pid/64/2633-1,Huimin Lu 0001,"Kyushu Institute of Technology, Kitakyushu, Japan"
https://dblp.org/pid/64/2748-1,Tim Miller 0001,"University of Melbourne, School of Computing and Information Systems, Australia"
https://dblp.org/pid/64/3062-13,Xiang Chen 0013,"State Key Laboratory of Complex Electromagnetic Environment Effects on Electronics and Information System, Luoyang, China"
https://dblp.org/pid/64/4136,Yew-Soon Ong,"Nanyang Technological University, Singapore"
https://dblp.org/pid/64/5645,Phillip A. Laplante,"Penn State, University Park, USA"
https://dblp.org/pid/64/6498,Carlos Flavián 0001,"University of Zaragoza, Department of Marketing Management and Market Research, Spain"
https://dblp.org/pid/64/9189,Paulo Henrique S. Bermejo,"University of Brasília, Brazil"
https://dblp.org/pid/65/1842,Shan Ling Pan,"University of New South Wales, Sydney, NSW, Australia"
https://dblp.org/pid/65/4298-1,Mohamed Hassan 0001,"University of Portsmouth, School of Energy and Electronic Engineering, UK"
https://dblp.org/pid/65/5630,Cynthia Breazeal,"MIT, Cambridge, USA"
https://dblp.org/pid/66/1210,Saibal Mukhopadhyay,"Georgia Institute of Technology, Atlanta GA, USA"
https://dblp.org/pid/66/1601,Alexander E. Gegov,"University of Portsmouth, School of Computing"
https://dblp.org/pid/66/426,Sergio Barbarossa,"Sapienza University of Rome, Italy"
https://dblp.org/pid/66/4721-2,Michael Baumgartner 0002,"Zurich University of Applied Sciences, Winterthur, Switzerland"
https://dblp.org/pid/66/6334,Sergey Andreev 0001,"Tampere University of Technology, Finland"
https://dblp.org/pid/66/7522,Oshani Seneviratne,"Rensselaer Polytechnic Institute, Troy, NY, USA"
https://dblp.org/pid/67/2667,Milind Tambe,"Harvard University, Cambridge, MA, USA"
https://dblp.org/pid/68/3429,Raj Madhavan 0001,"U.S. Department of State, Bureau of Economic and Business Affairs, Division for International Communications and Information Policy, Washington, D.C."
https://dblp.org/pid/69/1053,Melanie Mitchell,"Portland State University, OR, USA"
https://dblp.org/pid/69/393-13,Jue Wang 0013,"Zhejiang Dawning Information Technology Company, Ltd., Hangzhou, China"
https://dblp.org/pid/69/6085,Raja Chatila 0001,"Sorbonne University, Paris, France"
https://dblp.org/pid/69/8778,Rupesh Kumar Srivastava,"University of Lugano, Dalle Molle Institute for Artificial Intelligence Research (IDSIA)"
https://dblp.org/pid/69/996,Yogesh Kumar Dwivedi,"Swansea University, UK"
https://dblp.org/pid/70/2140-1,Haijun Zhang 0001,"University of Science and Technology Beijing, Communications Engineering, China"
https://dblp.org/pid/70/5417-1,Honggang Wang 0001,"University of Massachusetts Dartmouth, MA, USA"
https://dblp.org/pid/70/6601,Patricia Ordóñez de Pablos,"University of Oviedo, Department of Business Administration, Spain"
https://dblp.org/pid/71/2246,Steven D. Pieper,"Harvard Medical School, Brigham and Women's Hospital, Boston, MA, USA"
https://dblp.org/pid/71/2308-1,Jun Xiao 0001,"Zhejiang University, College of Computer Science and Technology, Hangzhou, China"
https://dblp.org/pid/71/3516,Yaser Sheikh,"Carnegie Mellon University, Pittsburgh, USA"
https://dblp.org/pid/71/3711,Francesco Scarcello,"University of Calabria, Cosenza, Italy"
https://dblp.org/pid/71/8568,Jorge Ribeiro 0001,"Polytechnic Institute of Viana do Castelo, Portugal"
https://dblp.org/pid/72/2433,Suchi Saria,"Johns Hopkins University, Baltimore, MD, USA"
https://dblp.org/pid/72/2795,Evgeny Osipov,"Luleå University of Technology, Sweden"
https://dblp.org/pid/72/3256,Chih Hao Ku 0001,"Cleveland State University, Cleveland, OH, USA"
https://dblp.org/pid/73/1778,Choong Seon Hong,"Kyung Hee University, Department of Computer Science and Engineering, Yongin, South Korea"
https://dblp.org/pid/73/3639,Adam Z. Wyner,"Swansea University, Department of Computer Science and School of Law, UK"
https://dblp.org/pid/73/4155-4,Jin L. C. Guo,"McGill University, Montreal, PQ, Canada"
https://dblp.org/pid/73/8777,Daniel Belanche,"University of Zaragoza, Faculty of Economy and Business, Spain"
https://dblp.org/pid/74/2397-31,Zhen Li 0031,"Nankai University, College of Computer Science, Tianjin, China"
https://dblp.org/pid/74/3476,Martin Tröschel,"University of Oldenburg, Germany"
https://dblp.org/pid/74/3883-1,Weidong Li 0001,"Coventry University, Faculty of Engineering and Computing, United Kingdom"
https://dblp.org/pid/74/5147,Danil V. Prokhorov,"Toyota Technical Center, Ann Arbor, USA"
https://dblp.org/pid/74/6221,Geraint Rees 0001,"University College London, Institute of Neurology, UK"
https://dblp.org/pid/75/148-1,Yi Zeng 0001,"Chinese Academy of Sciences, Research Center for Brain-inspired Intelligence, Institute of Automation, Beijing, China"
https://dblp.org/pid/75/3158-41,Zhe Wang 0041,"Zhejiang University, Innovation Institute for Artificial Intelligence in Medicine, College of Pharmaceutical Sciences, Hangzhou, China"
https://dblp.org/pid/75/3644-1,Jaehong Kim 0001,"Electronics and Telecommunications Research Institute, Daejeon, South Korea"
https://dblp.org/pid/75/4085,Mérouane Debbah,"Khalifa University, Abu Dhabi, United Arab Emirates"
https://dblp.org/pid/75/9436,Aaron J. Elmore,"University of Chicago, IL, USA"
https://dblp.org/pid/76/1584-36,Xin Zhang 0036,"Shanghai Maritime University, College of Communication and Transport, Shanghai, Cina"
https://dblp.org/pid/76/3229,Ada Gavrilovska,"Georgia Institute of Technology, Atlanta, USA"
https://dblp.org/pid/76/440,Dusit Niyato,"Nanyang Technological University, Singapore"
https://dblp.org/pid/77/10413,Jose Maria Alonso-Moral,"Universidade de Santiago de Compostela, Santiago de Compostela, Spain"
https://dblp.org/pid/77/4730-3,Zheng Fang 0003,"Sichuan University, Chengdu, Sichuan, China"
https://dblp.org/pid/77/5221,Hannu Jaakkola,"Tampere University of Technology, Finland"
https://dblp.org/pid/78/2022-57,Kai Wang 0057,"Dalian University of Technology, China"
https://dblp.org/pid/78/3054,Atreyi Kankanhalli,"National University of Singapore, Singapore"
https://dblp.org/pid/78/6091-2,Jianzhong Zhang 0002,"Samsung Research America, Plano, TX, USA"
https://dblp.org/pid/79/9854,Jan Ole Berndt,"University of Trier, Germany"
https://dblp.org/pid/80/11338,Weiliang Xu 0001,"University of Auckland, New Zealand"
https://dblp.org/pid/80/4164,Euripides N. Loukis,"University of the Aegean, Department of Information and Communication Systems Engineering, Samos, Greece"
https://dblp.org/pid/80/920-2,Shen Wang 0002,"Zhejiang University of Science and Technology, Research Center for Modern Governance, Hangzhou, China"
https://dblp.org/pid/81/1376,Marco Lippi 0001,"University of Modena and Reggio Emilia (Unimore), Italy"
https://dblp.org/pid/81/1719,Sarvapali D. Ramchurn,"University of Southampton, UK"
https://dblp.org/pid/81/3624,María de los Ángeles Alonso-Lavernia,"Universidad Autónoma del Estado de Hidalgo, Mexico"
https://dblp.org/pid/81/4641-5,David Álvarez 0005,"Free Software R&D Foundation (FIDESOL), Spain"
https://dblp.org/pid/82/2731-1,Jeng-Shyang Pan 0001,"Shandong University of Science and Technology, College of Computer Science and Engineering, Qingdao, China"
https://dblp.org/pid/82/2803,Sachin Shetty,"Old Dominion University, Department of Modeling, Simulation and Visualization Engineering, Norfolk, VA, USA"
https://dblp.org/pid/82/3447,Josef van Genabith,"German Research Center for Artificial Intelligence (DFKI), Germany"
https://dblp.org/pid/82/6684-1,Andrew Martin 0001,"University of Warwick, Business School, UK"
https://dblp.org/pid/83/2733,Luciano Floridi,"University of Oxford, UK"
https://dblp.org/pid/83/3572,Olaf Hellwich,"Technical University of Berlin, Germany"
https://dblp.org/pid/83/514,Zhu Han 0001,"University of Houston, TX, USA"
https://dblp.org/pid/83/6158,Suresh Chandra Satapathy,"Kalinga Institute of Industrial Technology (KIIT), Bhubaneswar, India"
https://dblp.org/pid/83/6331-4,Xu Chen 0004,"Sun Yat-sen University, School of Data and Computer Science, Guangzhou, China"
https://dblp.org/pid/83/8908,Haoran Xie 0001,"Lingnan University, Department of Computing and Decision Sciences, Hong Kong"
https://dblp.org/pid/84/2871,Madhavan Swaminathan,"Georgia Institute of Technology, Atlanta GA, USA"
https://dblp.org/pid/84/4762,Mohammad Mehedi Hassan,"King Saud University, Riyadh, Saudi Arabia"
https://dblp.org/pid/84/5009,Serena Villata,"CNRS, France"
https://dblp.org/pid/84/5467-1,Yong Shi 0001,"University of Chinese Academy of Sciences, School of Economics and Management, Beijing, China"
https://dblp.org/pid/84/6889-6,Jie Zhang 0006,"Beijing University of Posts and Telecommunication, State Key Laboratory of Information Photonics and Optical Communications, China"
https://dblp.org/pid/84/8417,Rui Rijo,"Polytechnic Institute of Leiria, ESTG, Leiria, Portugal"
https://dblp.org/pid/85/110,Alexander G. Gray,"College of Computing, Georgia Institute of Technology"
https://dblp.org/pid/85/1374,Brent J. Hecht,"Northwestern University, Evanston, IL, USA"
https://dblp.org/pid/85/207,Wolfgang Immanuel Schöllhorn,"University of Mainz, Germany"
https://dblp.org/pid/85/276-1,Kai Hwang 0001,"Chinese University of Hongkong at Shenzhen, China"
https://dblp.org/pid/85/5686,Iis P. Tussyadiah,"University of Surrey, Guildford, UK"
https://dblp.org/pid/85/9749,Mihai A. Petrovici,"Heidelberg University, Kirchhoff Institute for Physics, Germany"
https://dblp.org/pid/86/1658,Mari Carmen Suárez-Figueroa,"Technical University of Madrid (UPM), Artificial Intelligence Department"
https://dblp.org/pid/86/20,Sanjay Misra,"Covenant University, Ota, Nigeria"
https://dblp.org/pid/86/2304-1,Ayan Banerjee 0001,"Arizona State University, Tempe, AZ, USA"
https://dblp.org/pid/86/3784-1,Devinder Kaur 0001,"University of Toledo, Toledo, OH, USA"
https://dblp.org/pid/86/475-10,Hao Chen 0010,"Samsung Research America, Inc., Richardson, TX, USA"
https://dblp.org/pid/86/6357,Hani Hagras,"University of Essex, Colchester, UK"
https://dblp.org/pid/86/6970,Gerhard Satzger,"Karlsruhe Institute of Technology (KIT), Karlsruhe Service Research Institute, Germany"
https://dblp.org/pid/87/1222-9,Xi Zhang 0009,"Tianjin University, College of Management and Economics, China"
https://dblp.org/pid/87/240,Alicia Troncoso Lora,"Pablo de Olavide University, Sevilla, Spain"
https://dblp.org/pid/87/2888-1,Jian Wan 0001,"Zhejiang University of Science and Technology, School of Information and Electronic Engineering, Hangzhou, China"
https://dblp.org/pid/87/3040,Simon Haykin 0001,"McMaster University, Department of Electrical and Computer Engineering, Hamilton, Canada"
https://dblp.org/pid/87/3082,Gustavo Ramírez-González 0001,"Universidad del Cauca, Tunja, Colombia"
https://dblp.org/pid/87/4162,Andrea Pohoreckyj Danyluk,"Williams College, Williamstown, MA, USA"
https://dblp.org/pid/87/5538,Sai-Ho Ling,"University of Technology Sydney, Centre for Health Technologies, Australia"
https://dblp.org/pid/87/6284-2,Yun Li 0002,"Dongguan University of Technology, College of Computer Science and Technology, China"
https://dblp.org/pid/88/2686,Yolanda Gil,"University of Southern California, Information Sciences Institute, Los Angeles, USA"
https://dblp.org/pid/88/4021,Christopher W. Geib,SIFT LLC
https://dblp.org/pid/89/10533,Constantinos Sourkounis,"Ruhr University Bochum, Germany"
https://dblp.org/pid/89/120-3,Xing Chen 0003,"Kanagawa Institute of Technology, Atsugi, Japan"
https://dblp.org/pid/89/5901-10,Jun Yan 0010,"Yidu Cloud Technology Co. Ltd., Beijing, China"
https://dblp.org/pid/89/5914,Geoffrey Ye Li,"Imperial College London, UK"
https://dblp.org/pid/89/6226,Andrea Orlandini,"National Research Council of Italy, Institute of Cognitive Sciences and Technologies, Rome, Italy"
https://dblp.org/pid/89/8924,Eric Müller 0001,"Heidelberg University, Germany"
https://dblp.org/pid/90/3575-1,Shui Yu 0001,"University of Technology Sydney, School of Computer Science, Faculty of Engineering and Information Technology, Ultimo, NSW, Australia"
https://dblp.org/pid/90/4265,Pieter Spronck,"Tilburg University, Tilburg Center for Cognition and Communication (TiCC), The Netherlands"
https://dblp.org/pid/90/7833,Wajdi Dhifli,"University of Quebec at Montreal, Canada"
https://dblp.org/pid/91/10314,Raymond R. Bond,"Ulster University, Computer Science Research Institute, UK"
https://dblp.org/pid/91/10961-2,Petr Novotný 0002,"IBM T. J. Watson Research Center, Yorktown Heights, NY, USA"
https://dblp.org/pid/91/2882,Mohammad S. Obaidat,"University of Sharjah, College of Computing & Informatics, UAE"
https://dblp.org/pid/91/6559,Nikolaus Vahrenkamp,"Karlsruhe Institute of Technology, Institute of Anthropomatics"
https://dblp.org/pid/91/7408,Kerstin Bunte,"University of Groningen, Bernoulli Institute, The Netherlands"
https://dblp.org/pid/92/10277,Duckhwan Kim 0001,"Georgia Institute of Technology, Atlanta, GA, USA"
https://dblp.org/pid/92/2963,Matt Huenerfauth,"Rochester Institute of Technology, NY, USA"
https://dblp.org/pid/92/5955,Lajos Hanzo,"University of Southampton, UK"
https://dblp.org/pid/92/6033,Shuenn-Yuh Lee,"National Cheng Kung University, Department of Electrical Engineering, Tainan, Taiwan"
https://dblp.org/pid/93/2334-8,Yong Li 0008,"Tsinghua University, Beijing National Research Center for Information Science and Technology (BNRist), China"
https://dblp.org/pid/93/3389-1,Jianhua Li 0001,"Shanghai Jiao Tong University, Shanghai Key Laboratory of Integrated Administration Technologies for Information Security, China"
https://dblp.org/pid/93/4866,Johannes Schemmel,"University of Heidelberg, Germany"
https://dblp.org/pid/93/6680,Enrique Herrera-Viedma,"University of Granada, Spain"
https://dblp.org/pid/94/3104-56,Ying Wang 0056,"State Grid Information & Telecommunication Company, Beijing, China"
https://dblp.org/pid/94/5698,Ahmed E. Kamal 0001,"Iowa State University, Ames, USA"
https://dblp.org/pid/94/9680,João Battista Camargo Junior,"University of São Paulo, São Paulo, Brazil"
https://dblp.org/pid/95/3736-1,Jun Liu 0001,"University of Ulster, Jordanstown, UK"
https://dblp.org/pid/95/4633,Gabriella Cortellessa,"National Research Council, Italy"
https://dblp.org/pid/95/6985-2,Wei Wu 0002,"Sichuan University, College of Electronics and Information Engineering, Chengdu, China"
https://dblp.org/pid/95/7006,Cuntai Guan,"Nanyang Technological University, School of Computer Science and Engineering, Singapore"
https://dblp.org/pid/96/3222,J. Michael Spector,"University of North Texas, Denton, TX, USA"
https://dblp.org/pid/96/7305,Weiyi Shang,"Concordia University, Montreal, Canada"
https://dblp.org/pid/97/1150-1,Andrés Muñoz 0001,"Catholic University of Murcia, Polytechnic School, Spain"
https://dblp.org/pid/97/1397,Arash Shaban-Nejad,"University of Tennessee Health Science Center, USA"
https://dblp.org/pid/97/2274-35,Yu Liu 0035,"Dalian University of Technology, School of Software Technology, Key Laboratory for Ubiquitous Network and Service Software of Liaoning Province, Dalian, China"
https://dblp.org/pid/97/3152,Yu-Chuan Li,"Taipei Medical University, Taiwan"
https://dblp.org/pid/97/9735,Shubhendu Trivedi,"Massachusetts Institute of Technology (MIT), Computer Science and Artificial Intelligence Laboratory (CSAIL), Cambridge, MA, USA"
https://dblp.org/pid/98/4051,Prosper Chemouil,"Orange Labs, Châtillon, France"
https://dblp.org/pid/99/2261,James Annis,"Fermi National Accelerator Laboratory (Fermilab), Batavia, IL, USA"
https://dblp.org/pid/99/4387,Tom Vercauteren,"University College London (UCL), UK"
https://dblp.org/pid/99/5538,Aude Oliva,"MIT, Cambridge, MA, USA"
https://dblp.org/pid/a/AAbraham,Ajith Abraham,"Machine Intelligence Research Labs, MIR, Auburn, USA"
https://dblp.org/pid/a/EAndre,Elisabeth André,"University of Augsburg, Germany"
https://dblp.org/pid/a/GrigorisAntoniou,Grigoris Antoniou,"University of Huddersfield, UK"
https://dblp.org/pid/a/HusseinAAbbass,Hussein A. Abbass,"University of New South Wales, Canberra, Australia"
https://dblp.org/pid/b/ChristianBreiteneder,Christian Breiteneder,"TU Wien, Vienna, Austria"
https://dblp.org/pid/b/JamalBentahar,Jamal Bentahar,"Concordia University, Montreal, Canada"
https://dblp.org/pid/c/ACPLFdCarvalho,André C. P. L. F. de Carvalho,"University of São Paulo, Department of Computer Science, Brazil"
https://dblp.org/pid/c/AlfredoCuzzocrea,Alfredo Cuzzocrea,"University of Calabria, IDEA Lab, Cosenza, Italy"
https://dblp.org/pid/c/AmedeoCesta,Amedeo Cesta,"National Research Council, Italy"
https://dblp.org/pid/c/HanChiehChao,Han-Chieh Chao,"National Ilan University, Yilan, Taiwan"
https://dblp.org/pid/c/KimKwangRaymondChoo,Kim-Kwang Raymond Choo,"University of Texas at San Antonio, USA"
https://dblp.org/pid/c/ManuelCebrian,Manuel Cebrián,"Autonomous University of Madrid, Spain"
https://dblp.org/pid/c/ShuChingChen,Shu-Ching Chen,"Florida International University, University Park, FL, USA"
https://dblp.org/pid/c/StefaniaCostantini,Stefania Costantini,"University of L'Aquila, Italy"
https://dblp.org/pid/c/VincentConitzer,Vincent Conitzer,"Carnegie Mellon University, USA"
https://dblp.org/pid/d/DDiaz,Daniel Diaz,"University of Paris 1, France"
https://dblp.org/pid/d/JulieDugdale,Julie Dugdale,"IMAG, Grenoble, France"
https://dblp.org/pid/d/MinYuhDay,Min-Yuh Day,"National Taipei University, Graduate Institute of Information Management, Taiwan"
https://dblp.org/pid/d/SDustdar,Schahram Dustdar,"TU Wien, Vienna, Austria"
https://dblp.org/pid/d/ShuiguangDeng,Shuiguang Deng,Zhejiang University
https://dblp.org/pid/d/TGDietterich,Thomas G. Dietterich,"Oregon State University, School of Electrical Engineering and Computer Science"
https://dblp.org/pid/d/TobiDelbruck,Tobi Delbrück,"ETH Zurich, Switzerland"
https://dblp.org/pid/d/VDignum,Virginia Dignum,"TU Delft, The Netherlands"
https://dblp.org/pid/f/MJFranklin,Michael J. Franklin,University of Chicago
https://dblp.org/pid/g/AhmedGhoneim,Ahmed Ghoneim,"Menoufia University, Faculty of Science, Shebin El-Koom, Egypt"
https://dblp.org/pid/g/AmyRGreenwald,Amy Greenwald,"Brown University, Providence, USA"
https://dblp.org/pid/g/IreneYHGu,Irene Y. H. Gu,"Chalmers University of Technology, Department of Signals and Systems, Gothenburg, Sweden"
https://dblp.org/pid/g/JonathanGrudin,Jonathan Grudin,Microsoft Research
https://dblp.org/pid/g/SandeepKSGupta,Sandeep K. S. Gupta,"Arizona State University, Tempe, Institute of Sustainability"
https://dblp.org/pid/g/SebastienGerard,Sébastien Gérard,"Atomic Energy and Alternative Energies Commission, CEA - Laboratory of Research on Software-intensive Technologies (LIST), France"
https://dblp.org/pid/g/SGhandeharizadeh,Shahram Ghandeharizadeh,"University of Southern California, Los Angeles, USA"
https://dblp.org/pid/g/YikeGuo,Yike Guo,"Imperial College London, UK"
https://dblp.org/pid/h/AboulEllaHassanien,Aboul Ella Hassanien,"Cairo University, Giza, Egypt"
https://dblp.org/pid/h/AndreasHolzinger,Andreas Holzinger,"University of Natural Resources and Life Sciences Vienna, Austria"
https://dblp.org/pid/h/GhassanHamarneh,Ghassan Hamarneh,"Simon Fraser University, Burnaby, Canada"
https://dblp.org/pid/h/JamesAHendler,James A. Hendler,"Rensselaer Polytechnic Institute, Troy, NY, USA"
https://dblp.org/pid/h/JoseHernandezOrallo,José Hernández-Orallo,"Polytechnic University of Valencia, Spain"
https://dblp.org/pid/h/MarcusHutter,Marcus Hutter,"Australian National University, Canberra, Australia"
https://dblp.org/pid/h/ReinholdHaux,Reinhold Haux,"Braunschweig University of Technology, Peter L. Reichertz Institute for Medical Informatics, Germany"
https://dblp.org/pid/h/SiegfriedHandschuh,Siegfried Handschuh,"University of Passau, Germany"
https://dblp.org/pid/h/WynneHsu,Wynne Hsu,National University of Singapore (NUS)
https://dblp.org/pid/k/AntonioKruger,Antonio Krüger,"German Research Center for Artificial Intelligence (DFKI), Saarbrücken, Germany"
https://dblp.org/pid/k/GabrieleKernIsberner,Gabriele Kern-Isberner,"Technical University of Dortmund, Germany"
https://dblp.org/pid/k/HTKung,H. T. Kung 0001,"Harvard University, Cambridge, MA, USA"
https://dblp.org/pid/k/JorgKienzle,Jörg Kienzle,"McGill University, Montreal, Canada"
https://dblp.org/pid/l/ClaudiaLoebbecke,Claudia Löbbecke,"University of Cologne, Germany"
https://dblp.org/pid/l/JaimeLloret,Jaime Lloret Mauri,"Polytechnic University of Valencia, Spain"
https://dblp.org/pid/l/LingjiaLiu,Lingjia Liu 0001,"Virginia Tech, Bradley Department of Electrical and Computer Engineering, Blacksburg, VA, USA"
https://dblp.org/pid/l/MongLiLee,Mong-Li Lee,National University of Singapore (NUS)
https://dblp.org/pid/l/PatLangley,Pat Langley,"Institute for the Study of Learning and Expertise, Palo Alto, CA, USA"
https://dblp.org/pid/l/XueLiu,Xue (Steve) Liu,"McGill University, School of Computer Science, Montreal, QC, Canada"
https://dblp.org/pid/m/ADMali,Amol Dattatraya Mali,"University of Wisconsin-Milwaukee, USA"
https://dblp.org/pid/m/KRMuller,Klaus-Robert Müller,"Technical University of Berlin, Germany"
https://dblp.org/pid/m/ThomasAndreasMeyer,Thomas Andreas Meyer,"CAIR, University of Cape Town"
https://dblp.org/pid/m/VMarkl,Volker Markl,"German Research Center for Artificial Intelligence (DFKI), Berlin, Germany"
https://dblp.org/pid/n/FionaFuiHoonNah,Fiona Fui-Hoon Nah,"Missouri University of Science and Technology, Rolla, MO, USA"
https://dblp.org/pid/n/NassirNavab,Nassir Navab,"Technical University Munich, Germany"
https://dblp.org/pid/n/RaghuOthayothNambiar,Raghunath Othayoth Nambiar,"Cisco Systems, Inc"
https://dblp.org/pid/o/SantiagoOntanon,Santiago Ontañón,Drexel University
https://dblp.org/pid/p/AlunDPreece,Alun D. Preece,"Cardiff University, Crime and Security Research Institute, UK"
https://dblp.org/pid/p/DavidCParkes,David C. Parkes,"Harvard University, School of Engineering and Applied Science"
https://dblp.org/pid/p/JongHyukPark,Jong Hyuk Park,"Seoul National University of Science and Technology (Seoultech), Department of Computer Science and Engineering, South Korea"
https://dblp.org/pid/p/JudeaPearl,Judea Pearl,"University of California, Los Angeles, CA, USA"
https://dblp.org/pid/p/StefanPickl,Stefan Pickl,"Bundeswehr University Munich, Germany"
https://dblp.org/pid/p/VasilePalade,Vasile Palade,"University of Oxford, UK"
https://dblp.org/pid/r/AnnaHelenaRealiCosta,Anna Helena Reali Costa,"University of Sao Paulo, Brazil"
https://dblp.org/pid/r/JacquesRobin,Jacques Robin,"Federal University of Pernambuco, Recife, Brazil"
https://dblp.org/pid/r/KrithiRamamritham,Krithi Ramamritham,"Indian Institute of Technology, Bombay, India"
https://dblp.org/pid/r/MarkORiedl,Mark O. Riedl,"Georgia Institute of Technology, School of Interactive Computing, Atlanta, GA, USA"
https://dblp.org/pid/s/BartSelman,Bart Selman,"Cornell University, Ithaca, USA"
https://dblp.org/pid/s/FrankMichaelSchleif,Frank-Michael Schleif,"Bielefeld University, Germany"
https://dblp.org/pid/s/JamesCSpohrer,Jim Spohrer,"IBM Thomas J. Watson Research Center, Yorktown Heights, USA"
https://dblp.org/pid/s/KengSiau,Keng Siau,"City University of Hong Kong, Department of Information Systems, Hong Kong"
https://dblp.org/pid/s/OShmueli,Oded Shmueli,"Technion - Israel Institute of Technology, Haifa, Israel"
https://dblp.org/pid/s/RolfStadler,Rolf Stadler,"Royal Institute of Technology, Stockholm, Sweden"
https://dblp.org/pid/s/SanjitASeshia,Sanjit A. Seshia,"University of California, Berkeley, USA"
https://dblp.org/pid/s/StephenFSmith,Stephen F. Smith,"Carnegie Mellon University, Robotics Institute, Pittsburgh, PA, USA"
https://dblp.org/pid/t/AnkurTeredesai,Ankur Teredesai,"Rochester Institute of Technology, Henrietta, NY, USA"
https://dblp.org/pid/t/BernhardThalheim,Bernhard Thalheim,"University of Kiel, Germany"
https://dblp.org/pid/t/MurrayTuroff,Murray Turoff,"New Jersey Institute of Technology, Newark, USA"
https://dblp.org/pid/t/PaoloTorroni,Paolo Torroni,"University of Bologna, Italy"
https://dblp.org/pid/t/VicencTorra,Vicenç Torra,"Umeå University, Sweden"
https://dblp.org/pid/v/MMBRVellasco,Marley M. B. R. Vellasco,"Pontifical Catholic University of Rio de Janeiro (PUC-Rio), Department of Electrical Engineering"
https://dblp.org/pid/w/FranzWotawa,Franz Wotawa,"Graz University of Technology, Austria"
https://dblp.org/pid/w/RenataWassermann,Renata Wassermann,"University of Sao Paulo, Brazil"
https://dblp.org/pid/w/StefanWrobel,Stefan Wrobel,"Fraunhofer Institute for Intelligent Analysis and Information Systems, Sankt Augustin, Germany"
https://dblp.org/pid/w/TDWilson,Thomas D. Wilson 0001,"University of Leeds, UK"
https://dblp.org/pid/w/ThomasWiegand,Thomas Wiegand,"Fraunhofer Institute for Telecommunications, Heinrich Hertz Institute (HHI), Berlin, Germany"
https://dblp.org/pid/x/HuiXiong,Hui Xiong 0001,Hong Kong University of Science and Technology
https://dblp.org/pid/x/NaixueXiong,Naixue Xiong,"Sul Ross State University, Department of Computer, Mathematical and Physical Sciences, Alpine, TX, USA"
https://dblp.org/pid/y/JunYang14,Jun Yang 0014,"Huazhong University of Science and Technology, School of Computer Science and Technology, Wuhan, China"
https://dblp.org/pid/y/PhilipSYu,Philip S. Yu,"University of Illinois at Chicago, Department of Computer Science, Chicago, IL, USA"
https://dblp.org/pid/z/AlbertYZomaya,Albert Y. Zomaya,"University of Sydney, Australia"
https://dblp.org/pid/z/ZibinZheng,Zibin Zheng,"Sun Yat-sen University, School of Advanced Computing"
